OCCP - 4 Digit Level,total_working_16
"Managers, nfd",36635
"Chief Executives, General Managers and Legislators, nfd",609
Chief Executives and Managing Directors,58325
General Managers,52270
Legislators,2073
"Farmers and Farm Managers, nfd",10468
Aquaculture Farmers,1658
Crop Farmers,40171
Livestock Farmers,66082
Mixed Crop and Livestock Farmers,23045
"Specialist Managers, nfd",24196
"Advertising, Public Relations and Sales Managers",111086
"Business Administration Managers, nfd",5942
Corporate Services Managers,7199
Finance Managers,47012
Human Resource Managers,45347
Policy and Planning Managers,21268
Research and Development Managers,10965
"Construction, Distribution and Production Managers, nfd",2522
Construction Managers,92380
Engineering Managers,15421
"Importers, Exporters and Wholesalers",15940
Manufacturers,13085
Production Managers,48109
"Supply, Distribution and Procurement Managers",32553
"Education, Health and Welfare Services Managers, nfd",886
Child Care Centre Managers,11179
Health and Welfare Services Managers,24250
School Principals,20616
Other Education Managers,11047
ICT Managers,59130
"Miscellaneous Specialist Managers, nfd",299
Commissioned Officers (Management),8818
Senior Non-commissioned Defence Force Members,2939
Other Specialist Managers,49771
"Hospitality, Retail and Service Managers, nfd",2121
"Accommodation and Hospitality Managers, nfd",1391
Cafe and Restaurant Managers,53892
Caravan Park and Camping Ground Managers,3298
Hotel and Motel Managers,19943
Licensed Club Managers,5758
Other Accommodation and Hospitality Managers,6338
Retail Managers,184751
"Miscellaneous Hospitality, Retail and Service Managers, nfd",1130
"Amusement, Fitness and Sports Centre Managers",10580
Call or Contact Centre and Customer Service Managers,37849
Conference and Event Organisers,20505
Transport Services Managers,16203
"Other Hospitality, Retail and Service Managers",52997
"Professionals, nfd",38159
"Arts and Media Professionals, nfd",535
"Arts Professionals, nfd",2703
"Actors, Dancers and Other Entertainers",5958
Music Professionals,8375
Photographers,11144
Visual Arts and Crafts Professionals,5355
"Media Professionals, nfd",2433
"Artistic Directors, and Media Producers and Presenters",9900
"Authors, and Book and Script Editors",4744
"Film, Television, Radio and Stage Directors",9290
Journalists and Other Writers,19157
"Business, Human Resource and Marketing Professionals, nfd",2584
"Accountants, Auditors and Company Secretaries, nfd",434
Accountants,146399
"Auditors, Company Secretaries and Corporate Treasurers",17924
"Financial Brokers and Dealers, and Investment Advisers, nfd",959
Financial Brokers,24580
Financial Dealers,16365
Financial Investment Advisers and Managers,31455
"Human Resource and Training Professionals, nfd",334
Human Resource Professionals,55323
ICT Trainers,1874
Training and Development Professionals,18273
"Information and Organisation Professionals, nfd",701
"Actuaries, Mathematicians and Statisticians",5615
"Archivists, Curators and Records Managers",5718
Economists,2899
Intelligence and Policy Analysts,16252
Land Economists and Valuers,12285
Librarians,9002
Management and Organisation Analysts,62973
Other Information and Organisation Professionals,20167
"Sales, Marketing and Public Relations Professionals, nfd",1539
Advertising and Marketing Professionals,61835
ICT Sales Professionals,15156
Public Relations Professionals,15483
Technical Sales Representatives,29214
"Design, Engineering, Science and Transport Professionals, nfd",725
"Air and Marine Transport Professionals, nfd",18
Air Transport Professionals,13005
Marine Transport Professionals,7841
"Architects, Designers, Planners and Surveyors, nfd",6050
Architects and Landscape Architects,20060
Surveyors and Spatial Scientists,11837
"Fashion, Industrial and Jewellery Designers",7479
"Graphic and Web Designers, and Illustrators",36601
Interior Designers,9051
Urban and Regional Planners,11208
"Engineering Professionals, nfd",13844
Chemical and Materials Engineers,2949
Civil Engineering Professionals,35888
Electrical Engineers,13804
Electronics Engineers,4637
"Industrial, Mechanical and Production Engineers",21375
Mining Engineers,6641
Other Engineering Professionals,6627
"Natural and Physical Science Professionals, nfd",7484
Agricultural and Forestry Scientists,5438
"Chemists, and Food and Wine Scientists",6605
Environmental Scientists,16041
"Geologists, Geophysicists and Hydrogeologists",6811
Life Scientists,4966
Medical Laboratory Scientists,16277
Veterinarians,8499
Other Natural and Physical Science Professionals,7073
"Education Professionals, nfd",5813
"School Teachers, nfd",17858
Early Childhood (Pre-primary School) Teachers,27130
Primary School Teachers,148498
Middle School Teachers (Aus) / Intermediate School Teachers (NZ),708
Secondary School Teachers,137346
Special Education Teachers,20290
"Tertiary Education Teachers, nfd",1188
University Lecturers and Tutors,49227
Vocational Education Teachers (Aus) / Polytechnic Teachers (NZ),30893
"Miscellaneous Education Professionals, nfd",841
Education Advisers and Reviewers,9997
Private Tutors and Teachers,35122
Teachers of English to Speakers of Other Languages,6856
"Health Professionals, nfd",2062
"Health Diagnostic and Promotion Professionals, nfd",191
Nutrition Professionals,4871
Medical Imaging Professionals,15887
Occupational and Environmental Health Professionals,19899
Optometrists and Orthoptists,5033
Pharmacists,23372
Other Health Diagnostic and Promotion Professionals,5589
"Health Therapy Professionals, nfd",182
Chiropractors and Osteopaths,5285
Complementary Health Therapists,6345
Dental Practitioners,13130
Occupational Therapists,12352
Physiotherapists,20746
Podiatrists,3696
Audiologists and Speech Pathologists \ Therapists,9139
"Medical Practitioners, nfd",1810
General Practitioners and Resident Medical Officers,54105
Anaesthetists,4291
Specialist Physicians,7423
Psychiatrists,3084
Surgeons,5912
Other Medical Practitioners,10989
"Midwifery and Nursing Professionals, nfd",292
Midwives,18315
Nurse Educators and Researchers,5397
Nurse Managers,16059
Registered Nurses,220981
"ICT Professionals, nfd",18822
"Business and Systems Analysts, and Programmers, nfd",952
ICT Business and Systems Analysts,23710
Multimedia Specialists and Web Developers,9287
Software and Applications Programmers,79579
"Database and Systems Administrators, and ICT Security Specialists",23678
"ICT Network and Support Professionals, nfd",727
Computer Network Professionals,20751
ICT Support and Test Engineers,10174
Telecommunications Engineering Professionals,9030
"Legal, Social and Welfare Professionals, nfd",189
"Legal Professionals, nfd",504
Barristers,7037
Judicial and Other Legal Professionals,9261
Solicitors,54910
"Social and Welfare Professionals, nfd",841
Counsellors,18469
Ministers of Religion,16691
Psychologists,22730
Social Professionals,9179
Social Workers,21943
"Welfare, Recreation and Community Arts Workers",22372
"Technicians and Trades Workers, nfd",18065
"Engineering, ICT and Science Technicians, nfd",5030
"Agricultural, Medical and Science Technicians, nfd",391
Agricultural Technicians,1846
Medical Technicians,25989
Primary Products Inspectors,2158
Science Technicians,13014
"Building and Engineering Technicians, nfd",7440
"Architectural, Building and Surveying Technicians",55963
Civil Engineering Draftspersons and Technicians,9016
Electrical Engineering Draftspersons and Technicians,8295
Electronic Engineering Draftspersons and Technicians,4023
Mechanical Engineering Draftspersons and Technicians,3756
Safety Inspectors,3488
Other Building and Engineering Technicians,20128
"ICT and Telecommunications Technicians, nfd",601
ICT Support Technicians,43740
Telecommunications Technical Specialists,4843
"Automotive and Engineering Trades Workers, nfd",4885
"Automotive Electricians and Mechanics, nfd",431
Automotive Electricians,6876
Motor Mechanics,86592
"Fabrication Engineering Trades Workers, nfd",281
"Metal Casting, Forging and Finishing Trades Workers",2436
Sheetmetal Trades Workers,5314
Structural Steel and Welding Trades Workers,58981
"Mechanical Engineering Trades Workers, nfd",398
Aircraft Maintenance Engineers,12706
Metal Fitters and Machinists,80197
Precision Metal Trades Workers,6111
Toolmakers and Engineering Patternmakers,2793
"Panelbeaters, and Vehicle Body Builders, Trimmers and Painters, nfd",1145
Panelbeaters,11118
Vehicle Body Builders and Trimmers,4898
Vehicle Painters,9440
"Construction Trades Workers, nfd",1854
"Bricklayers, and Carpenters and Joiners, nfd",1277
Bricklayers and Stonemasons,23744
Carpenters and Joiners,101882
"Floor Finishers and Painting Trades Workers, nfd",68
Floor Finishers,8133
Painting Trades Workers,42201
"Glaziers, Plasterers and Tilers, nfd",113
Glaziers,8616
Plasterers,26662
Roof Tilers,5759
Wall and Floor Tilers,17784
Plumbers,70706
"Electrotechnology and Telecommunications Trades Workers, nfd",4379
Electricians,115152
"Electronics and Telecommunications Trades Workers, nfd",713
Airconditioning and Refrigeration Mechanics,18749
Electrical Distribution Trades Workers,7497
Electronics Trades Workers,23354
Telecommunications Trades Workers,18449
"Food Trades Workers, nfd",121
Bakers and Pastrycooks,24693
Butchers and Smallgoods Makers,15819
Chefs,80719
Cooks,42099
"Skilled Animal and Horticultural Workers, nfd",14
"Animal Attendants and Trainers, and Shearers, nfd",63
Animal Attendants and Trainers,14784
Shearers,2842
Veterinary Nurses,9386
"Horticultural Trades Workers, nfd",390
Florists,5274
Gardeners,55186
Greenkeepers,12308
Nurserypersons,2700
"Other Technicians and Trades Workers, nfd",439
Hairdressers,54420
"Printing Trades Workers, nfd",396
Print Finishers and Screen Printers,3096
Graphic Pre-press Trades Workers,2026
Printers,9506
"Textile, Clothing and Footwear Trades Workers, nfd",51
Canvas and Leather Goods Makers,2128
Clothing Trades Workers,6639
Upholsterers,2409
"Wood Trades Workers, nfd",112
Cabinetmakers,20989
Wood Machinists and Other Wood Trades Workers,3968
"Miscellaneous Technicians and Trades Workers, nfd",150
Boat Builders and Shipwrights,3187
"Chemical, Gas, Petroleum and Power Generation Plant Operators",8169
"Gallery, Library and Museum Technicians",6538
Jewellers,3597
Performing Arts Technicians,11486
Signwriters,5328
Other Miscellaneous Technicians and Trades Workers,16891
"Community and Personal Service Workers, nfd",713
"Health and Welfare Support Workers, nfd",1044
Ambulance Officers and Paramedics,13725
"Dental Hygienists, Technicians and Therapists",6786
Diversional Therapists,4512
Enrolled and Mothercraft Nurses,34231
Indigenous Health Workers,1347
Massage Therapists,14853
Welfare Support Workers,52345
"Carers and Aides, nfd",4245
Child Carers,139595
Education Aides,84132
"Personal Carers and Assistants, nfd",4337
Aged and Disabled Carers,132324
Dental Assistants,21888
Nursing Support and Personal Care Workers,83616
Special Care Workers,2604
"Hospitality Workers, nfd",8687
Bar Attendants and Baristas,83915
Cafe Workers,29521
Gaming Workers,7219
Hotel Service Managers,7247
Waiters,106357
Other Hospitality Workers,5030
"Protective Service Workers, nfd",97
"Defence Force Members, Fire Fighters and Police, nfd",188
Defence Force Members - Other Ranks,15510
Fire and Emergency Workers,13418
Police,51914
"Prison and Security Officers, nfd",72
Prison Officers,15132
Security Officers and Guards,45525
"Sports and Personal Service Workers, nfd",135
"Personal Service and Travel Workers, nfd",137
Beauty Therapists,25413
Driving Instructors,4997
Funeral Workers,3535
"Gallery, Museum and Tour Guides",5921
Personal Care Consultants,5003
Tourism and Travel Advisers,21357
Travel Attendants,9104
Other Personal Service Workers,12873
"Sports and Fitness Workers, nfd",345
Fitness Instructors,27234
Outdoor Adventure Guides,1960
"Sports Coaches, Instructors and Officials",38021
Sportspersons,8850
"Clerical and Administrative Workers, nfd",3172
"Office Managers and Program Administrators, nfd",1748
"Contract, Program and Project Administrators",108041
"Office and Practice Managers, nfd",102
Office Managers,115647
Practice Managers,21171
"Personal Assistants and Secretaries, nfd",103
Personal Assistants,52576
Secretaries,43146
"General Clerical Workers, nfd",590
General Clerks,219845
Keyboard Operators,47655
"Inquiry Clerks and Receptionists, nfd",459
"Call or Contact Centre Information Clerks, nfd",464
Call or Contact Centre Workers,31116
Information Officers,54980
Receptionists,154775
"Numerical Clerks, nfd",972
"Accounting Clerks and Bookkeepers, nfd",394
Accounting Clerks,103638
Bookkeepers,79231
Payroll Clerks,25267
"Financial and Insurance Clerks, nfd",677
Bank Workers,48034
Credit and Loans Officers (Aus) / Finance Clerks (NZ),25704
"Insurance, Money Market and Statistical Clerks",25801
"Clerical and Office Support Workers, nfd",326
Betting Clerks,1866
Couriers and Postal Deliverers,36147
Filing and Registry Clerks,12271
Mail Sorters,10152
Survey Interviewers,2631
Switchboard Operators,3258
Other Clerical and Office Support Workers,10951
"Other Clerical and Administrative Workers, nfd",178
"Logistics Clerks, nfd",2597
Purchasing and Supply Logistics Clerks,67394
Transport and Despatch Clerks,28053
"Miscellaneous Clerical and Administrative Workers, nfd",264
Conveyancers and Legal Executives,12749
Court and Legal Clerks,12358
Debt Collectors,7454
Human Resource Clerks,10590
Inspectors and Regulatory Officers,33560
"Insurance Investigators, Loss Adjusters and Risk Surveyors",4381
Library Assistants,6710
Other Miscellaneous Clerical and Administrative Workers,20476
"Sales Workers, nfd",2462
"Sales Representatives and Agents, nfd",414
"Insurance Agents and Sales Representatives, nfd",18
"Auctioneers, and Stock and Station Agents",2712
Insurance Agents,10639
Sales Representatives,87263
Real Estate Sales Agents,78984
"Sales Assistants and Salespersons, nfd",6191
Sales Assistants (General),526013
ICT Sales Assistants,12692
Motor Vehicle and Vehicle Parts Salespersons,33338
Pharmacy Sales Assistants,33158
Retail Supervisors,27527
Service Station Attendants,10257
Street Vendors and Related Salespersons,6796
Other Sales Assistants and Salespersons,11716
"Sales Support Workers, nfd",128
Checkout Operators and Office Cashiers,102803
"Miscellaneous Sales Support Workers, nfd",119
Models and Sales Demonstrators,10400
Retail and Wool Buyers,4318
Telemarketers,6870
Ticket Salespersons,16036
Visual Merchandisers,4706
Other Sales Support Workers,5407
"Machinery Operators and Drivers, nfd",11815
"Machine and Stationary Plant Operators, nfd",3019
"Machine Operators, nfd",22786
"Clay, Concrete, Glass and Stone Processing Machine Operators",2736
Industrial Spraypainters,4693
Paper and Wood Processing Machine Operators,5544
Photographic Developers and Printers,1184
Plastics and Rubber Production Machine Operators,6536
Sewing Machinists,8132
Textile and Footwear Production Machine Operators,1871
Other Machine Operators,11408
"Stationary Plant Operators, nfd",995
"Crane, Hoist and Lift Operators",10162
"Drillers, Miners and Shot Firers",41343
Engineering Production Workers,16538
Other Stationary Plant Operators,19197
"Mobile Plant Operators, nfd",4997
"Agricultural, Forestry and Horticultural Plant Operators",9596
Earthmoving Plant Operators,33013
Forklift Drivers,48902
Other Mobile Plant Operators,9269
"Road and Rail Drivers, nfd",11256
"Automobile, Bus and Rail Drivers, nfd",401
Automobile Drivers,38151
Bus and Coach Drivers,37414
Train and Tram Drivers,11320
Delivery Drivers,41040
Truck Drivers,148566
Storepersons,108209
"Labourers, nfd",23115
"Cleaners and Laundry Workers, nfd",19649
Car Detailers,14644
Commercial Cleaners,126153
Domestic Cleaners,36567
Housekeepers,31822
Laundry Workers,13476
Other Cleaners,10773
"Construction and Mining Labourers, nfd",2172
Building and Plumbing Labourers,46202
Concreters,27562
Fencers,8621
Insulation and Home Improvement Installers,15560
Paving and Surfacing Labourers,6026
Railway Track Workers,4114
Structural Steel Construction Workers,20256
Other Construction and Mining Labourers,6020
"Factory Process Workers, nfd",10461
"Food Process Workers, nfd",729
Food and Drink Factory Workers,28934
"Meat Boners and Slicers, and Slaughterers",8794
"Meat, Poultry and Seafood Process Workers",17782
"Packers and Product Assemblers, nfd",668
Packers,50855
Product Assemblers,22459
"Miscellaneous Factory Process Workers, nfd",1387
Metal Engineering Process Workers,7527
Plastics and Rubber Factory Workers,1801
Product Quality Controllers,9659
Timber and Wood Process Workers,5185
Other Factory Process Workers,9647
"Farm, Forestry and Garden Workers, nfd",4060
Aquaculture Workers,565
Crop Farm Workers,22355
Forestry and Logging Workers,2049
Garden and Nursery Labourers,24307
Livestock Farm Workers,26971
Mixed Crop and Livestock Farm Workers,3261
"Other Farm, Forestry and Garden Workers",9745
"Food Preparation Assistants, nfd",1216
Fast Food Cooks,35160
Food Trades Assistants,4135
Kitchenhands,109631
"Other Labourers, nfd",184
"Freight Handlers and Shelf Fillers, nfd",115
Freight and Furniture Handlers,11609
Shelf Fillers,50616
"Miscellaneous Labourers, nfd",285
Caretakers,6193
Deck and Fishing Hands,5791
Handypersons,30698
Motor Vehicle Parts and Accessories Fitters,10899
Printing Assistants and Table Workers,2986
Recycling and Rubbish Collectors,2194
Vending Machine Attendants,4984
Other Miscellaneous Labourers,52863
Total,10497665
