Occupation,Census16_total_working,ANZSCO_4dig,ANZSCO_3dig,ANZSCO_2dig,ANZSCO_1dig,ANZSCO_group,ANZSCO_group_name,DNscore_onet,DNscore_manual
"Managers, nfd",36635,1000,1000,1000,1000,1,Managers,0.538912456946474,0.5782979831293754
"Chief Executives, General Managers and Legislators, nfd",609,1110,1110,1100,1000,1,Managers,1,1
Chief Executives and Managing Directors,58325,1111,1110,1100,1000,1,Managers,1,1
General Managers,52270,1112,1110,1100,1000,1,Managers,1,1
Legislators,2073,1113,1110,1100,1000,1,Managers,1,1
"Farmers and Farm Managers, nfd",10468,1210,1210,1200,1000,1,Managers,0,0.25
Aquaculture Farmers,1658,1211,1210,1200,1000,1,Managers,0,0.25
Crop Farmers,40171,1212,1210,1200,1000,1,Managers,0,0.25
Livestock Farmers,66082,1213,1210,1200,1000,1,Managers,0,0.25
Mixed Crop and Livestock Farmers,23045,1214,1210,1200,1000,1,Managers,0,0.25
"Specialist Managers, nfd",24196,1300,1300,1300,1000,1,Managers,0.7286327441872329,0.743070991030605
"Advertising, Public Relations and Sales Managers",111086,1311,1310,1300,1000,1,Managers,1,1
"Business Administration Managers, nfd",5942,1320,1320,1300,1000,1,Managers,1,0.9792000212457603
Corporate Services Managers,7199,1321,1320,1300,1000,1,Managers,1,1
Finance Managers,47012,1322,1320,1300,1000,1,Managers,1,1
Human Resource Managers,45347,1323,1320,1300,1000,1,Managers,1,1
Policy and Planning Managers,21268,1324,1320,1300,1000,1,Managers,1,1
Research and Development Managers,10965,1325,1320,1300,1000,1,Managers,1,0.75
"Construction, Distribution and Production Managers, nfd",2522,1330,1330,1300,1000,1,Managers,0.2938736849849187,0.3823371864194806
Construction Managers,92380,1331,1330,1300,1000,1,Managers,0,0.25
Engineering Managers,15421,1332,1330,1300,1000,1,Managers,1,0.75
"Importers, Exporters and Wholesalers",15940,1333,1330,1300,1000,1,Managers,1,1
Manufacturers,13085,1334,1330,1300,1000,1,Managers,0,0
Production Managers,48109,1335,1330,1300,1000,1,Managers,0,0
"Supply, Distribution and Procurement Managers",32553,1336,1330,1300,1000,1,Managers,1,1
"Education, Health and Welfare Services Managers, nfd",886,1340,1340,1300,1000,1,Managers,0.8333780480534192,0.72891700947952065
Child Care Centre Managers,11179,1341,1340,1300,1000,1,Managers,0,1
Health and Welfare Services Managers,24250,1342,1340,1300,1000,1,Managers,1,0.25
School Principals,20616,1343,1340,1300,1000,1,Managers,1,1
Other Education Managers,11047,1344,1340,1300,1000,1,Managers,1,1
ICT Managers,59130,1351,1350,1300,1000,1,Managers,1,1
"Miscellaneous Specialist Managers, nfd",299,1390,1390,1300,1000,1,Managers,0.80891626576518,0.80891626576518
Commissioned Officers (Management),8818,1391,1390,1300,1000,1,Managers,0,0
Senior Non-commissioned Defence Force Members,2939,1392,1390,1300,1000,1,Managers,0,0
Other Specialist Managers,49771,1399,1390,1300,1000,1,Managers,1,1
"Hospitality, Retail and Service Managers, nfd",2121,1400,1400,1400,1000,1,Managers,0.2860136255199703,0.30545601836513103
"Accommodation and Hospitality Managers, nfd",1391,1410,1410,1400,1000,1,Managers,0,0.16712615853590201
Cafe and Restaurant Managers,53892,1411,1410,1400,1000,1,Managers,0,0.25
Caravan Park and Camping Ground Managers,3298,1412,1410,1400,1000,1,Managers,0,0
Hotel and Motel Managers,19943,1413,1410,1400,1000,1,Managers,0,0
Licensed Club Managers,5758,1414,1410,1400,1000,1,Managers,0,0.25
Other Accommodation and Hospitality Managers,6338,1419,1410,1400,1000,1,Managers,0,0
Retail Managers,184751,1421,1420,1400,1000,1,Managers,0,0
"Miscellaneous Hospitality, Retail and Service Managers, nfd",1130,1490,1490,1400,1000,1,Managers,0.8515571836043262,0.8006935294713828
"Amusement, Fitness and Sports Centre Managers",10580,1491,1490,1400,1000,1,Managers,1,1
Call or Contact Centre and Customer Service Managers,37849,1492,1490,1400,1000,1,Managers,1,1
Conference and Event Organisers,20505,1493,1490,1400,1000,1,Managers,0,0.25
Transport Services Managers,16203,1494,1490,1400,1000,1,Managers,1,0.25
"Other Hospitality, Retail and Service Managers",52997,1499,1490,1400,1000,1,Managers,1,1
"Professionals, nfd",38159,2000,2000,2000,2000,2,Professionals,0.7059730271708542,0.6702988067548495
"Arts and Media Professionals, nfd",535,2100,2100,2100,2000,2,Professionals,0.6705178699834276,0.16422859248853802
"Arts Professionals, nfd",2703,2110,2110,2100,2000,2,Professionals,0.5351258432797094,0.08684159314997406
"Actors, Dancers and Other Entertainers",5958,2111,2110,2100,2000,2,Professionals,0,0
Music Professionals,8375,2112,2110,2100,2000,2,Professionals,0,0
Photographers,11144,2113,2110,2100,2000,2,Professionals,1,0
Visual Arts and Crafts Professionals,5355,2114,2110,2100,2000,2,Professionals,1,0.5
"Media Professionals, nfd",2433,2120,2120,2100,2000,2,Professionals,0.7702536492539045,0.22123529275254694
"Artistic Directors, and Media Producers and Presenters",9900,2121,2120,2100,2000,2,Professionals,0,0
"Authors, and Book and Script Editors",4744,2122,2120,2100,2000,2,Professionals,1,1
"Film, Television, Radio and Stage Directors",9290,2123,2120,2100,2000,2,Professionals,1,0
Journalists and Other Writers,19157,2124,2120,2100,2000,2,Professionals,1,0.25
"Business, Human Resource and Marketing Professionals, nfd",2584,2200,2200,2200,2000,2,Professionals,0.9349562097990219,0.9393057417330888
"Accountants, Auditors and Company Secretaries, nfd",434,2210,2210,2200,2000,2,Professionals,1,1
Accountants,146399,2211,2210,2200,2000,2,Professionals,1,1
"Auditors, Company Secretaries and Corporate Treasurers",17924,2212,2210,2200,2000,2,Professionals,1,1
"Financial Brokers and Dealers, and Investment Advisers, nfd",959,2220,2220,2200,2000,2,Professionals,0.6604972375690608,0.9434910220994475
Financial Brokers,24580,2221,2220,2200,2000,2,Professionals,0,1
Financial Dealers,16365,2222,2220,2200,2000,2,Professionals,1,0.75
Financial Investment Advisers and Managers,31455,2223,2220,2200,2000,2,Professionals,1,1
"Human Resource and Training Professionals, nfd",334,2230,2230,2200,2000,2,Professionals,1,0.9394693255598251
Human Resource Professionals,55323,2231,2230,2200,2000,2,Professionals,1,1
ICT Trainers,1874,2232,2230,2200,2000,2,Professionals,1,1
Training and Development Professionals,18273,2233,2230,2200,2000,2,Professionals,1,0.75
"Information and Organisation Professionals, nfd",701,2240,2240,2200,2000,2,Professionals,0.9089399678306439,0.890891031865452
"Actuaries, Mathematicians and Statisticians",5615,2241,2240,2200,2000,2,Professionals,1,1
"Archivists, Curators and Records Managers",5718,2242,2240,2200,2000,2,Professionals,1,0
Economists,2899,2243,2240,2200,2000,2,Professionals,1,1
Intelligence and Policy Analysts,16252,2244,2240,2200,2000,2,Professionals,1,1
Land Economists and Valuers,12285,2245,2240,2200,2000,2,Professionals,0,1
Librarians,9002,2246,2240,2200,2000,2,Professionals,1,0
Management and Organisation Analysts,62973,2247,2240,2200,2000,2,Professionals,1,1
Other Information and Organisation Professionals,20167,2249,2240,2200,2000,2,Professionals,1,1
"Sales, Marketing and Public Relations Professionals, nfd",1539,2250,2250,2200,2000,2,Professionals,1,0.9088447505094998
Advertising and Marketing Professionals,61835,2251,2250,2200,2000,2,Professionals,1,1
ICT Sales Professionals,15156,2252,2250,2200,2000,2,Professionals,1,0.75
Public Relations Professionals,15483,2253,2250,2200,2000,2,Professionals,1,1
Technical Sales Representatives,29214,2254,2250,2200,2000,2,Professionals,1,0.75
"Design, Engineering, Science and Transport Professionals, nfd",725,2300,2300,2300,2000,2,Professionals,0.65766071181364,0.6464099206884985
"Air and Marine Transport Professionals, nfd",18,2310,2310,2300,2000,2,Professionals,0,0
Air Transport Professionals,13005,2311,2310,2300,2000,2,Professionals,0,0
Marine Transport Professionals,7841,2312,2310,2300,2000,2,Professionals,0,0
"Architects, Designers, Planners and Surveyors, nfd",6050,2320,2320,2300,2000,2,Professionals,0.7605365975310695,0.9077502182135584
Architects and Landscape Architects,20060,2321,2320,2300,2000,2,Professionals,1,1
Surveyors and Spatial Scientists,11837,2322,2320,2300,2000,2,Professionals,0,0.25
"Fashion, Industrial and Jewellery Designers",7479,2323,2320,2300,2000,2,Professionals,1,1
"Graphic and Web Designers, and Illustrators",36601,2324,2320,2300,2000,2,Professionals,1,1
Interior Designers,9051,2325,2320,2300,2000,2,Professionals,1,1
Urban and Regional Planners,11208,2326,2320,2300,2000,2,Professionals,0,1
"Engineering Professionals, nfd",13844,2330,2330,2300,2000,2,Professionals,0.6631346482305458,0.8401888578235659
Chemical and Materials Engineers,2949,2331,2330,2300,2000,2,Professionals,0,0.75
Civil Engineering Professionals,35888,2332,2330,2300,2000,2,Professionals,1,0.75
Electrical Engineers,13804,2333,2330,2300,2000,2,Professionals,1,1
Electronics Engineers,4637,2334,2330,2300,2000,2,Professionals,1,1
"Industrial, Mechanical and Production Engineers",21375,2335,2330,2300,2000,2,Professionals,0,1
Mining Engineers,6641,2336,2330,2300,2000,2,Professionals,0,0.25
Other Engineering Professionals,6627,2339,2330,2300,2000,2,Professionals,1,1
"Natural and Physical Science Professionals, nfd",7484,2340,2340,2300,2000,2,Professionals,0.6907404824989541,0.22037024124947707
Agricultural and Forestry Scientists,5438,2341,2340,2300,2000,2,Professionals,1,0.25
"Chemists, and Food and Wine Scientists",6605,2342,2340,2300,2000,2,Professionals,0,0.25
Environmental Scientists,16041,2343,2340,2300,2000,2,Professionals,1,0.25
"Geologists, Geophysicists and Hydrogeologists",6811,2344,2340,2300,2000,2,Professionals,1,0.25
Life Scientists,4966,2345,2340,2300,2000,2,Professionals,1,0.25
Medical Laboratory Scientists,16277,2346,2340,2300,2000,2,Professionals,1,0.25
Veterinarians,8499,2347,2340,2300,2000,2,Professionals,0,0
Other Natural and Physical Science Professionals,7073,2349,2340,2300,2000,2,Professionals,0,0.25
"Education Professionals, nfd",5813,2400,2400,2400,2000,2,Professionals,1,0.8972009267739564
"School Teachers, nfd",17858,2410,2410,2400,2000,2,Professionals,1,0.8580120489142803
Early Childhood (Pre-primary School) Teachers,27130,2411,2410,2400,2000,2,Professionals,1,0
Primary School Teachers,148498,2412,2410,2400,2000,2,Professionals,1,1
Middle School Teachers (Aus) / Intermediate School Teachers (NZ),708,2413,2410,2400,2000,2,Professionals,1,1
Secondary School Teachers,137346,2414,2410,2400,2000,2,Professionals,1,1
Special Education Teachers,20290,2415,2410,2400,2000,2,Professionals,1,0
"Tertiary Education Teachers, nfd",1188,2420,2420,2400,2000,2,Professionals,1,1
University Lecturers and Tutors,49227,2421,2420,2400,2000,2,Professionals,1,1
Vocational Education Teachers (Aus) / Polytechnic Teachers (NZ),30893,2422,2420,2400,2000,2,Professionals,1,1
"Miscellaneous Education Professionals, nfd",841,2490,2490,2400,2000,2,Professionals,1,1
Education Advisers and Reviewers,9997,2491,2490,2400,2000,2,Professionals,1,1
Private Tutors and Teachers,35122,2492,2490,2400,2000,2,Professionals,1,1
Teachers of English to Speakers of Other Languages,6856,2493,2490,2400,2000,2,Professionals,1,1
"Health Professionals, nfd",2062,2500,2500,2500,2000,2,Professionals,0.06835218492197591,0.07496213706228816
"Health Diagnostic and Promotion Professionals, nfd",191,2510,2510,2500,2000,2,Professionals,0,0.08637191732193808
Nutrition Professionals,4871,2511,2510,2500,2000,2,Professionals,0,0.75
Medical Imaging Professionals,15887,2512,2510,2500,2000,2,Professionals,0,0
Occupational and Environmental Health Professionals,19899,2513,2510,2500,2000,2,Professionals,0,0
Optometrists and Orthoptists,5033,2514,2510,2500,2000,2,Professionals,0,0
Pharmacists,23372,2515,2510,2500,2000,2,Professionals,0,0
Other Health Diagnostic and Promotion Professionals,5589,2519,2510,2500,2000,2,Professionals,0,0.5
"Health Therapy Professionals, nfd",182,2520,2520,2500,2000,2,Professionals,0.12927729761079598,0.2987353769114339
Chiropractors and Osteopaths,5285,2521,2520,2500,2000,2,Professionals,0,0
Complementary Health Therapists,6345,2522,2520,2500,2000,2,Professionals,0,0
Dental Practitioners,13130,2523,2520,2500,2000,2,Professionals,0,0
Occupational Therapists,12352,2524,2520,2500,2000,2,Professionals,0,0.5
Physiotherapists,20746,2525,2520,2500,2000,2,Professionals,0,0.5
Podiatrists,3696,2526,2520,2500,2000,2,Professionals,0,0
Audiologists and Speech Pathologists \ Therapists,9139,2527,2520,2500,2000,2,Professionals,1,0.5
"Medical Practitioners, nfd",1810,2530,2530,2500,2000,2,Professionals,0.03594238030861032,0
General Practitioners and Resident Medical Officers,54105,2531,2530,2500,2000,2,Professionals,0,0
Anaesthetists,4291,2532,2530,2500,2000,2,Professionals,0,0
Specialist Physicians,7423,2533,2530,2500,2000,2,Professionals,0,0
Psychiatrists,3084,2534,2530,2500,2000,2,Professionals,1,0
Surgeons,5912,2535,2530,2500,2000,2,Professionals,0,0
Other Medical Practitioners,10989,2539,2530,2500,2000,2,Professionals,0,0
"Midwifery and Nursing Professionals, nfd",292,2540,2540,2500,2000,2,Professionals,0.08228508314413696,0.03609464165183776
Midwives,18315,2541,2540,2500,2000,2,Professionals,0,0
Nurse Educators and Researchers,5397,2542,2540,2500,2000,2,Professionals,1,1
Nurse Managers,16059,2543,2540,2500,2000,2,Professionals,1,0.25
Registered Nurses,220981,2544,2540,2500,2000,2,Professionals,0,0
"ICT Professionals, nfd",18822,2600,2600,2600,2000,2,Professionals,1,1
"Business and Systems Analysts, and Programmers, nfd",952,2610,2610,2600,2000,2,Professionals,1,1
ICT Business and Systems Analysts,23710,2611,2610,2600,2000,2,Professionals,1,1
Multimedia Specialists and Web Developers,9287,2612,2610,2600,2000,2,Professionals,1,1
Software and Applications Programmers,79579,2613,2610,2600,2000,2,Professionals,1,1
"Database and Systems Administrators, and ICT Security Specialists",23678,2621,2620,2600,2000,2,Professionals,1,1
"ICT Network and Support Professionals, nfd",727,2630,2630,2600,2000,2,Professionals,1,1
Computer Network Professionals,20751,2631,2630,2600,2000,2,Professionals,1,1
ICT Support and Test Engineers,10174,2632,2630,2600,2000,2,Professionals,1,1
Telecommunications Engineering Professionals,9030,2633,2630,2600,2000,2,Professionals,1,1
"Legal, Social and Welfare Professionals, nfd",189,2700,2700,2700,2000,2,Professionals,0.7065509033555469,0.7354457691394107
"Legal Professionals, nfd",504,2710,2710,2700,2000,2,Professionals,0.8699443882709808,0.75
Barristers,7037,2711,2710,2700,2000,2,Professionals,1,0.75
Judicial and Other Legal Professionals,9261,2712,2710,2700,2000,2,Professionals,0,0.75
Solicitors,54910,2713,2710,2700,2000,2,Professionals,1,0.75
"Social and Welfare Professionals, nfd",841,2720,2720,2700,2000,2,Professionals,0.6021421389068448,0.7261455864397041
Counsellors,18469,2721,2720,2700,2000,2,Professionals,1,1
Ministers of Religion,16691,2722,2720,2700,2000,2,Professionals,1,0.5
Psychologists,22730,2723,2720,2700,2000,2,Professionals,1,1
Social Professionals,9179,2724,2720,2700,2000,2,Professionals,1,1
Social Workers,21943,2725,2720,2700,2000,2,Professionals,0,0.5
"Welfare, Recreation and Community Arts Workers",22372,2726,2720,2700,2000,2,Professionals,0,0.5
"Technicians and Trades Workers, nfd",18065,3000,3000,3000,3000,3,Technicians and Trades Workers,0.0651516578875664,0.06590054239577431
"Engineering, ICT and Science Technicians, nfd",5030,3100,3100,3100,3000,3,Technicians and Trades Workers,0.3071158444458287,0.40245296540167796
"Agricultural, Medical and Science Technicians, nfd",391,3110,3110,3100,3000,3,Technicians and Trades Workers,0,0.021461622526565444
Agricultural Technicians,1846,3111,3110,3100,3000,3,Technicians and Trades Workers,0,0.5
Medical Technicians,25989,3112,3110,3100,3000,3,Technicians and Trades Workers,0,0
Primary Products Inspectors,2158,3113,3110,3100,3000,3,Technicians and Trades Workers,0,0
Science Technicians,13014,3114,3110,3100,3000,3,Technicians and Trades Workers,0,0
"Building and Engineering Technicians, nfd",7440,3120,3120,3100,3000,3,Technicians and Trades Workers,0.12202275745445165,0.28778339336384223
"Architectural, Building and Surveying Technicians",55963,3121,3120,3100,3000,3,Technicians and Trades Workers,0,0
Civil Engineering Draftspersons and Technicians,9016,3122,3120,3100,3000,3,Technicians and Trades Workers,1,1
Electrical Engineering Draftspersons and Technicians,8295,3123,3120,3100,3000,3,Technicians and Trades Workers,0,1
Electronic Engineering Draftspersons and Technicians,4023,3124,3120,3100,3000,3,Technicians and Trades Workers,0,1
Mechanical Engineering Draftspersons and Technicians,3756,3125,3120,3100,3000,3,Technicians and Trades Workers,1,1
Safety Inspectors,3488,3126,3120,3100,3000,3,Technicians and Trades Workers,0,0
Other Building and Engineering Technicians,20128,3129,3120,3100,3000,3,Technicians and Trades Workers,0,0.25
"ICT and Telecommunications Technicians, nfd",601,3130,3130,3100,3000,3,Technicians and Trades Workers,1,1
ICT Support Technicians,43740,3131,3130,3100,3000,3,Technicians and Trades Workers,1,1
Telecommunications Technical Specialists,4843,3132,3130,3100,3000,3,Technicians and Trades Workers,1,1
"Automotive and Engineering Trades Workers, nfd",4885,3200,3200,3200,3000,3,Technicians and Trades Workers,0,0
"Automotive Electricians and Mechanics, nfd",431,3210,3210,3200,3000,3,Technicians and Trades Workers,0,0
Automotive Electricians,6876,3211,3210,3200,3000,3,Technicians and Trades Workers,0,0
Motor Mechanics,86592,3212,3210,3200,3000,3,Technicians and Trades Workers,0,0
"Fabrication Engineering Trades Workers, nfd",281,3220,3220,3200,3000,3,Technicians and Trades Workers,0,0
"Metal Casting, Forging and Finishing Trades Workers",2436,3221,3220,3200,3000,3,Technicians and Trades Workers,0,0
Sheetmetal Trades Workers,5314,3222,3220,3200,3000,3,Technicians and Trades Workers,0,0
Structural Steel and Welding Trades Workers,58981,3223,3220,3200,3000,3,Technicians and Trades Workers,0,0
"Mechanical Engineering Trades Workers, nfd",398,3230,3230,3200,3000,3,Technicians and Trades Workers,0,0
Aircraft Maintenance Engineers,12706,3231,3230,3200,3000,3,Technicians and Trades Workers,0,0
Metal Fitters and Machinists,80197,3232,3230,3200,3000,3,Technicians and Trades Workers,0,0
Precision Metal Trades Workers,6111,3233,3230,3200,3000,3,Technicians and Trades Workers,0,0
Toolmakers and Engineering Patternmakers,2793,3234,3230,3200,3000,3,Technicians and Trades Workers,0,0
"Panelbeaters, and Vehicle Body Builders, Trimmers and Painters, nfd",1145,3240,3240,3200,3000,3,Technicians and Trades Workers,0,0
Panelbeaters,11118,3241,3240,3200,3000,3,Technicians and Trades Workers,0,0
Vehicle Body Builders and Trimmers,4898,3242,3240,3200,3000,3,Technicians and Trades Workers,0,0
Vehicle Painters,9440,3243,3240,3200,3000,3,Technicians and Trades Workers,0,0
"Construction Trades Workers, nfd",1854,3300,3300,3300,3000,3,Technicians and Trades Workers,0,0
"Bricklayers, and Carpenters and Joiners, nfd",1277,3310,3310,3300,3000,3,Technicians and Trades Workers,0,0
Bricklayers and Stonemasons,23744,3311,3310,3300,3000,3,Technicians and Trades Workers,0,0
Carpenters and Joiners,101882,3312,3310,3300,3000,3,Technicians and Trades Workers,0,0
"Floor Finishers and Painting Trades Workers, nfd",68,3320,3320,3300,3000,3,Technicians and Trades Workers,0,0
Floor Finishers,8133,3321,3320,3300,3000,3,Technicians and Trades Workers,0,0
Painting Trades Workers,42201,3322,3320,3300,3000,3,Technicians and Trades Workers,0,0
"Glaziers, Plasterers and Tilers, nfd",113,3330,3330,3300,3000,3,Technicians and Trades Workers,0,0
Glaziers,8616,3331,3330,3300,3000,3,Technicians and Trades Workers,0,0
Plasterers,26662,3332,3330,3300,3000,3,Technicians and Trades Workers,0,0
Roof Tilers,5759,3333,3330,3300,3000,3,Technicians and Trades Workers,0,0
Wall and Floor Tilers,17784,3334,3330,3300,3000,3,Technicians and Trades Workers,0,0
Plumbers,70706,3341,3340,3300,3000,3,Technicians and Trades Workers,0,0
"Electrotechnology and Telecommunications Trades Workers, nfd",4379,3400,3400,3400,3000,3,Technicians and Trades Workers,0,0
Electricians,115152,3411,3410,3400,3000,3,Technicians and Trades Workers,0,0
"Electronics and Telecommunications Trades Workers, nfd",713,3420,3420,3400,3000,3,Technicians and Trades Workers,0,0
Airconditioning and Refrigeration Mechanics,18749,3421,3420,3400,3000,3,Technicians and Trades Workers,0,0
Electrical Distribution Trades Workers,7497,3422,3420,3400,3000,3,Technicians and Trades Workers,0,0
Electronics Trades Workers,23354,3423,3420,3400,3000,3,Technicians and Trades Workers,0,0
Telecommunications Trades Workers,18449,3424,3420,3400,3000,3,Technicians and Trades Workers,0,0
"Food Trades Workers, nfd",121,3510,3510,3500,3000,3,Technicians and Trades Workers,0,0
Bakers and Pastrycooks,24693,3511,3510,3500,3000,3,Technicians and Trades Workers,0,0
Butchers and Smallgoods Makers,15819,3512,3510,3500,3000,3,Technicians and Trades Workers,0,0
Chefs,80719,3513,3510,3500,3000,3,Technicians and Trades Workers,0,0
Cooks,42099,3514,3510,3500,3000,3,Technicians and Trades Workers,0,0
"Skilled Animal and Horticultural Workers, nfd",14,3600,3600,3600,3000,3,Technicians and Trades Workers,0.05150199382590417,0.05150199382590417
"Animal Attendants and Trainers, and Shearers, nfd",63,3610,3610,3600,3000,3,Technicians and Trades Workers,0,0
Animal Attendants and Trainers,14784,3611,3610,3600,3000,3,Technicians and Trades Workers,0,0
Shearers,2842,3612,3610,3600,3000,3,Technicians and Trades Workers,0,0
Veterinary Nurses,9386,3613,3610,3600,3000,3,Technicians and Trades Workers,0,0
"Horticultural Trades Workers, nfd",390,3620,3620,3600,3000,3,Technicians and Trades Workers,0.0698839243122913,0.0698839243122913
Florists,5274,3621,3620,3600,3000,3,Technicians and Trades Workers,1,1
Gardeners,55186,3622,3620,3600,3000,3,Technicians and Trades Workers,0,0
Greenkeepers,12308,3623,3620,3600,3000,3,Technicians and Trades Workers,0,0
Nurserypersons,2700,3624,3620,3600,3000,3,Technicians and Trades Workers,0,0
"Other Technicians and Trades Workers, nfd",439,3900,3900,3900,3000,3,Technicians and Trades Workers,0.14495045726840658,0.02779343972444256
Hairdressers,54420,3911,3910,3900,3000,3,Technicians and Trades Workers,0,0
"Printing Trades Workers, nfd",396,3920,3920,3900,3000,3,Technicians and Trades Workers,0.13850150396499863,0
Print Finishers and Screen Printers,3096,3921,3920,3900,3000,3,Technicians and Trades Workers,0,0
Graphic Pre-press Trades Workers,2026,3922,3920,3900,3000,3,Technicians and Trades Workers,1,0
Printers,9506,3923,3920,3900,3000,3,Technicians and Trades Workers,0,0
"Textile, Clothing and Footwear Trades Workers, nfd",51,3930,3930,3900,3000,3,Technicians and Trades Workers,0,0
Canvas and Leather Goods Makers,2128,3931,3930,3900,3000,3,Technicians and Trades Workers,0,0
Clothing Trades Workers,6639,3932,3930,3900,3000,3,Technicians and Trades Workers,0,0
Upholsterers,2409,3933,3930,3900,3000,3,Technicians and Trades Workers,0,0
"Wood Trades Workers, nfd",112,3940,3940,3900,3000,3,Technicians and Trades Workers,0,0
Cabinetmakers,20989,3941,3940,3900,3000,3,Technicians and Trades Workers,0,0
Wood Machinists and Other Wood Trades Workers,3968,3942,3940,3900,3000,3,Technicians and Trades Workers,0,0
"Miscellaneous Technicians and Trades Workers, nfd",150,3990,3990,3900,3000,3,Technicians and Trades Workers,0.38428509312269005,0.08089354301036307
Boat Builders and Shipwrights,3187,3991,3990,3900,3000,3,Technicians and Trades Workers,1,0.5
"Chemical, Gas, Petroleum and Power Generation Plant Operators",8169,3992,3990,3900,3000,3,Technicians and Trades Workers,0,0
"Gallery, Library and Museum Technicians",6538,3993,3990,3900,3000,3,Technicians and Trades Workers,1,0
Jewellers,3597,3994,3990,3900,3000,3,Technicians and Trades Workers,0,0
Performing Arts Technicians,11486,3995,3990,3900,3000,3,Technicians and Trades Workers,1,0.25
Signwriters,5328,3996,3990,3900,3000,3,Technicians and Trades Workers,0,0
Other Miscellaneous Technicians and Trades Workers,16891,3999,3990,3900,3000,3,Technicians and Trades Workers,0,0
"Community and Personal Service Workers, nfd",713,4000,4000,4000,4000,4,Community and Personal Service Workers,0.25795172336607913,0.12279510924544888
"Health and Welfare Support Workers, nfd",1044,4110,4110,4100,4000,4,Community and Personal Service Workers,0,0.2277169617915633
Ambulance Officers and Paramedics,13725,4111,4110,4100,4000,4,Community and Personal Service Workers,0,0
"Dental Hygienists, Technicians and Therapists",6786,4112,4110,4100,4000,4,Community and Personal Service Workers,0,0
Diversional Therapists,4512,4113,4110,4100,4000,4,Community and Personal Service Workers,0,0.5
Enrolled and Mothercraft Nurses,34231,4114,4110,4100,4000,4,Community and Personal Service Workers,0,0
Indigenous Health Workers,1347,4115,4110,4100,4000,4,Community and Personal Service Workers,0,0.5
Massage Therapists,14853,4116,4110,4100,4000,4,Community and Personal Service Workers,0,0
Welfare Support Workers,52345,4117,4110,4100,4000,4,Community and Personal Service Workers,0,0.5
"Carers and Aides, nfd",4245,4200,4200,4200,4000,4,Community and Personal Service Workers,0.4775430313172364,0.18240814425371718
Child Carers,139595,4211,4210,4200,4000,4,Community and Personal Service Workers,1,0
Education Aides,84132,4221,4220,4200,4000,4,Community and Personal Service Workers,1,1
"Personal Carers and Assistants, nfd",4337,4230,4230,4200,4000,4,Community and Personal Service Workers,0,0.005415252545418247
Aged and Disabled Carers,132324,4231,4230,4200,4000,4,Community and Personal Service Workers,0,0
Dental Assistants,21888,4232,4230,4200,4000,4,Community and Personal Service Workers,0,0
Nursing Support and Personal Care Workers,83616,4233,4230,4200,4000,4,Community and Personal Service Workers,0,0
Special Care Workers,2604,4234,4230,4200,4000,4,Community and Personal Service Workers,0,0.5
"Hospitality Workers, nfd",8687,4310,4310,4300,4000,4,Community and Personal Service Workers,0.03016854096928818,0
Bar Attendants and Baristas,83915,4311,4310,4300,4000,4,Community and Personal Service Workers,0,0
Cafe Workers,29521,4312,4310,4300,4000,4,Community and Personal Service Workers,0,0
Gaming Workers,7219,4313,4310,4300,4000,4,Community and Personal Service Workers,1,0
Hotel Service Managers,7247,4314,4310,4300,4000,4,Community and Personal Service Workers,0,0
Waiters,106357,4315,4310,4300,4000,4,Community and Personal Service Workers,0,0
Other Hospitality Workers,5030,4319,4310,4300,4000,4,Community and Personal Service Workers,0,0
"Protective Service Workers, nfd",97,4400,4400,4400,4000,4,Community and Personal Service Workers,0,0
"Defence Force Members, Fire Fighters and Police, nfd",188,4410,4410,4400,4000,4,Community and Personal Service Workers,0,0
Defence Force Members - Other Ranks,15510,4411,4410,4400,4000,4,Community and Personal Service Workers,0,0
Fire and Emergency Workers,13418,4412,4410,4400,4000,4,Community and Personal Service Workers,0,0
Police,51914,4413,4410,4400,4000,4,Community and Personal Service Workers,0,0
"Prison and Security Officers, nfd",72,4420,4420,4400,4000,4,Community and Personal Service Workers,0,0
Prison Officers,15132,4421,4420,4400,4000,4,Community and Personal Service Workers,0,0
Security Officers and Guards,45525,4422,4420,4400,4000,4,Community and Personal Service Workers,0,0
"Sports and Personal Service Workers, nfd",135,4500,4500,4500,4000,4,Community and Personal Service Workers,0.3944239403012938,0.16021204224074287
"Personal Service and Travel Workers, nfd",137,4510,4510,4500,4000,4,Community and Personal Service Workers,0.20260081856626191,0.2987880230831151
Beauty Therapists,25413,4511,4510,4500,4000,4,Community and Personal Service Workers,0,0
Driving Instructors,4997,4512,4510,4500,4000,4,Community and Personal Service Workers,1,1
Funeral Workers,3535,4513,4510,4500,4000,4,Community and Personal Service Workers,0,0
"Gallery, Museum and Tour Guides",5921,4514,4510,4500,4000,4,Community and Personal Service Workers,0,0
Personal Care Consultants,5003,4515,4510,4500,4000,4,Community and Personal Service Workers,0,0
Tourism and Travel Advisers,21357,4516,4510,4500,4000,4,Community and Personal Service Workers,0,1
Travel Attendants,9104,4517,4510,4500,4000,4,Community and Personal Service Workers,0,0
Other Personal Service Workers,12873,4518,4510,4500,4000,4,Community and Personal Service Workers,1,0
"Sports and Fitness Workers, nfd",345,4520,4520,4500,4000,4,Community and Personal Service Workers,0.6161966738973247,0
Fitness Instructors,27234,4521,4520,4500,4000,4,Community and Personal Service Workers,0,0
Outdoor Adventure Guides,1960,4522,4520,4500,4000,4,Community and Personal Service Workers,0,0
"Sports Coaches, Instructors and Officials",38021,4523,4520,4500,4000,4,Community and Personal Service Workers,1,0
Sportspersons,8850,4524,4520,4500,4000,4,Community and Personal Service Workers,1,0
"Clerical and Administrative Workers, nfd",3172,5000,5000,5000,5000,5,Clerical and Administrative Workers,0.7468120805980457,0.5089767832199471
"Office Managers and Program Administrators, nfd",1748,5100,5100,5100,5000,5,Clerical and Administrative Workers,1,0.4626764906638041
"Contract, Program and Project Administrators",108041,5111,5110,5100,5000,5,Clerical and Administrative Workers,1,1
"Office and Practice Managers, nfd",102,5120,5120,5100,5000,5,Clerical and Administrative Workers,1,0.03868460290312678
Office Managers,115647,5121,5120,5100,5000,5,Clerical and Administrative Workers,1,0
Practice Managers,21171,5122,5120,5100,5000,5,Clerical and Administrative Workers,1,0.25
"Personal Assistants and Secretaries, nfd",103,5210,5210,5200,5000,5,Clerical and Administrative Workers,1,0.75
Personal Assistants,52576,5211,5210,5200,5000,5,Clerical and Administrative Workers,1,0.75
Secretaries,43146,5212,5210,5200,5000,5,Clerical and Administrative Workers,1,0.75
"General Clerical Workers, nfd",590,5300,5300,5300,5000,5,Clerical and Administrative Workers,1,0.5890747663551402
General Clerks,219845,5311,5310,5300,5000,5,Clerical and Administrative Workers,1,0.5
Keyboard Operators,47655,5321,5320,5300,5000,5,Clerical and Administrative Workers,1,1
"Inquiry Clerks and Receptionists, nfd",459,5400,5400,5400,5000,5,Clerical and Administrative Workers,0.1296276730709587,0.347220754803219
"Call or Contact Centre Information Clerks, nfd",464,5410,5410,5400,5000,5,Clerical and Administrative Workers,0.3614105184909868,0.5210578888682401
Call or Contact Centre Workers,31116,5411,5410,5400,5000,5,Clerical and Administrative Workers,1,1
Information Officers,54980,5412,5410,5400,5000,5,Clerical and Administrative Workers,0,0.25
Receptionists,154775,5421,5420,5400,5000,5,Clerical and Administrative Workers,0,0.25
"Numerical Clerks, nfd",972,5500,5500,5500,5000,5,Clerical and Administrative Workers,0.7595450037921955,0.6540136428860112
"Accounting Clerks and Bookkeepers, nfd",394,5510,5510,5500,5000,5,Clerical and Administrative Workers,1,0.7196508532882346
Accounting Clerks,103638,5511,5510,5500,5000,5,Clerical and Administrative Workers,1,0.75
Bookkeepers,79231,5512,5510,5500,5000,5,Clerical and Administrative Workers,1,0.75
Payroll Clerks,25267,5513,5510,5500,5000,5,Clerical and Administrative Workers,1,0.5
"Financial and Insurance Clerks, nfd",677,5520,5520,5500,5000,5,Clerical and Administrative Workers,0.25920493474919376,0.5174353770883774
Bank Workers,48034,5521,5520,5500,5000,5,Clerical and Administrative Workers,0,0
Credit and Loans Officers,25704,5522,5520,5500,5000,5,Clerical and Administrative Workers,0,1
"Insurance, Money Market and Statistical Clerks",25801,5523,5520,5500,5000,5,Clerical and Administrative Workers,1,1
"Clerical and Office Support Workers, nfd",326,5610,5610,5600,5000,5,Clerical and Administrative Workers,0.8444795279258761,0.25764791138257676
Betting Clerks,1866,5611,5610,5600,5000,5,Clerical and Administrative Workers,0,0
Couriers and Postal Deliverers,36147,5612,5610,5600,5000,5,Clerical and Administrative Workers,1,0
Filing and Registry Clerks,12271,5613,5610,5600,5000,5,Clerical and Administrative Workers,1,0.75
Mail Sorters,10152,5614,5610,5600,5000,5,Clerical and Administrative Workers,0,0
Survey Interviewers,2631,5615,5610,5600,5000,5,Clerical and Administrative Workers,1,0.75
Switchboard Operators,3258,5616,5610,5600,5000,5,Clerical and Administrative Workers,1,1
Other Clerical and Office Support Workers,10951,5619,5610,5600,5000,5,Clerical and Administrative Workers,1,0.5
"Other Clerical and Administrative Workers, nfd",178,5900,5900,5900,5000,5,Clerical and Administrative Workers,0.665105699329186,0.41489809918807985
"Logistics Clerks, nfd",2597,5910,5910,5900,5000,5,Clerical and Administrative Workers,0.7060881955430762,0.3530440977715381
Purchasing and Supply Logistics Clerks,67394,5911,5910,5900,5000,5,Clerical and Administrative Workers,1,0.5
Transport and Despatch Clerks,28053,5912,5910,5900,5000,5,Clerical and Administrative Workers,0,0
"Miscellaneous Clerical and Administrative Workers, nfd",264,5990,5990,5900,5000,5,Clerical and Administrative Workers,0.6280869613402538,0.47076968543933206
Conveyancers and Legal Executives,12749,5991,5990,5900,5000,5,Clerical and Administrative Workers,1,1
Court and Legal Clerks,12358,5992,5990,5900,5000,5,Clerical and Administrative Workers,1,0.25
Debt Collectors,7454,5993,5990,5900,5000,5,Clerical and Administrative Workers,1,0.5
Human Resource Clerks,10590,5994,5990,5900,5000,5,Clerical and Administrative Workers,1,1
Inspectors and Regulatory Officers,33560,5995,5990,5900,5000,5,Clerical and Administrative Workers,0,0.25
"Insurance Investigators, Loss Adjusters and Risk Surveyors",4381,5996,5990,5900,5000,5,Clerical and Administrative Workers,1,0.5
Library Assistants,6710,5997,5990,5900,5000,5,Clerical and Administrative Workers,0,0
Other Miscellaneous Clerical and Administrative Workers,20476,5999,5990,5900,5000,5,Clerical and Administrative Workers,1,0.5
"Sales Workers, nfd",2462,6000,6000,6000,6000,6,Sales Workers,0.20437173988786736,0.18104753282907096
"Sales Representatives and Agents, nfd",414,6100,6100,6100,6000,6,Sales Workers,1,0.7537753947045206
"Insurance Agents and Sales Representatives, nfd",18,6110,6110,6100,6000,6,Sales Workers,1,0.7567386248434611
"Auctioneers, and Stock and Station Agents",2712,6111,6110,6100,6000,6,Sales Workers,1,1
Insurance Agents,10639,6112,6110,6100,6000,6,Sales Workers,1,0.75
Sales Representatives,87263,6113,6110,6100,6000,6,Sales Workers,1,0.75
Real Estate Sales Agents,78984,6121,6120,6100,6000,6,Sales Workers,1,0.75
"Sales Assistants and Salespersons, nfd",6191,6210,6210,6200,6000,6,Sales Workers,0.01918678391587566,0.019526921512871564
Sales Assistants (General),526013,6211,6210,6200,6000,6,Sales Workers,0,0
ICT Sales Assistants,12692,6212,6210,6200,6000,6,Sales Workers,1,0.75
Motor Vehicle and Vehicle Parts Salespersons,33338,6213,6210,6200,6000,6,Sales Workers,0,0
Pharmacy Sales Assistants,33158,6214,6210,6200,6000,6,Sales Workers,0,0
Retail Supervisors,27527,6215,6210,6200,6000,6,Sales Workers,0,0
Service Station Attendants,10257,6216,6210,6200,6000,6,Sales Workers,0,0
Street Vendors and Related Salespersons,6796,6217,6210,6200,6000,6,Sales Workers,0,0.5
Other Sales Assistants and Salespersons,11716,6219,6210,6200,6000,6,Sales Workers,0,0
"Sales Support Workers, nfd",128,6300,6300,6300,6000,6,Sales Workers,0.0744455341475844,0.21246388142048356
Checkout Operators and Office Cashiers,102803,6311,6310,6300,6000,6,Sales Workers,0,0
"Miscellaneous Sales Support Workers, nfd",119,6390,6390,6300,6000,6,Sales Workers,0.2343674717724197,0.6688732010809225
Models and Sales Demonstrators,10400,6391,6390,6300,6000,6,Sales Workers,0,0
Retail and Wool Buyers,4318,6392,6390,6300,6000,6,Sales Workers,1,1
Telemarketers,6870,6393,6390,6300,6000,6,Sales Workers,1,1
Ticket Salespersons,16036,6394,6390,6300,6000,6,Sales Workers,0,1
Visual Merchandisers,4706,6395,6390,6300,6000,6,Sales Workers,0,1
Other Sales Support Workers,5407,6399,6390,6300,6000,6,Sales Workers,0,0
"Machinery Operators and Drivers, nfd",11815,7000,7000,7000,7000,7,Machinery Operators and Drivers,0,0
"Machine and Stationary Plant Operators, nfd",3019,7100,7100,7100,7000,7,Machinery Operators and Drivers,0,0
"Machine Operators, nfd",22786,7110,7110,7100,7000,7,Machinery Operators and Drivers,0,0
"Clay, Concrete, Glass and Stone Processing Machine Operators",2736,7111,7110,7100,7000,7,Machinery Operators and Drivers,0,0
Industrial Spraypainters,4693,7112,7110,7100,7000,7,Machinery Operators and Drivers,0,0
Paper and Wood Processing Machine Operators,5544,7113,7110,7100,7000,7,Machinery Operators and Drivers,0,0
Photographic Developers and Printers,1184,7114,7110,7100,7000,7,Machinery Operators and Drivers,0,0
Plastics and Rubber Production Machine Operators,6536,7115,7110,7100,7000,7,Machinery Operators and Drivers,0,0
Sewing Machinists,8132,7116,7110,7100,7000,7,Machinery Operators and Drivers,0,0
Textile and Footwear Production Machine Operators,1871,7117,7110,7100,7000,7,Machinery Operators and Drivers,0,0
Other Machine Operators,11408,7119,7110,7100,7000,7,Machinery Operators and Drivers,0,0
"Stationary Plant Operators, nfd",995,7120,7120,7100,7000,7,Machinery Operators and Drivers,0,0
"Crane, Hoist and Lift Operators",10162,7121,7120,7100,7000,7,Machinery Operators and Drivers,0,0
"Drillers, Miners and Shot Firers",41343,7122,7120,7100,7000,7,Machinery Operators and Drivers,0,0
Engineering Production Workers,16538,7123,7120,7100,7000,7,Machinery Operators and Drivers,0,0
Other Stationary Plant Operators,19197,7129,7120,7100,7000,7,Machinery Operators and Drivers,0,0
"Mobile Plant Operators, nfd",4997,7210,7210,7200,7000,7,Machinery Operators and Drivers,0,0
"Agricultural, Forestry and Horticultural Plant Operators",9596,7211,7210,7200,7000,7,Machinery Operators and Drivers,0,0
Earthmoving Plant Operators,33013,7212,7210,7200,7000,7,Machinery Operators and Drivers,0,0
Forklift Drivers,48902,7213,7210,7200,7000,7,Machinery Operators and Drivers,0,0
Other Mobile Plant Operators,9269,7219,7210,7200,7000,7,Machinery Operators and Drivers,0,0
"Road and Rail Drivers, nfd",11256,7300,7300,7300,7000,7,Machinery Operators and Drivers,0,0
"Automobile, Bus and Rail Drivers, nfd",401,7310,7310,7300,7000,7,Machinery Operators and Drivers,0,0
Automobile Drivers,38151,7311,7310,7300,7000,7,Machinery Operators and Drivers,0,0
Bus and Coach Drivers,37414,7312,7310,7300,7000,7,Machinery Operators and Drivers,0,0
Train and Tram Drivers,11320,7313,7310,7300,7000,7,Machinery Operators and Drivers,0,0
Delivery Drivers,41040,7321,7320,7300,7000,7,Machinery Operators and Drivers,0,0
Truck Drivers,148566,7331,7330,7300,7000,7,Machinery Operators and Drivers,0,0
Storepersons,108209,7411,7410,7400,7000,7,Machinery Operators and Drivers,0,0
"Labourers, nfd",23115,8000,8000,8000,8000,8,Labourers,0.005060124212270586,0
"Cleaners and Laundry Workers, nfd",19649,8110,8110,8100,8000,8,Labourers,0,0
Car Detailers,14644,8111,8110,8100,8000,8,Labourers,0,0
Commercial Cleaners,126153,8112,8110,8100,8000,8,Labourers,0,0
Domestic Cleaners,36567,8113,8110,8100,8000,8,Labourers,0,0
Housekeepers,31822,8114,8110,8100,8000,8,Labourers,0,0
Laundry Workers,13476,8115,8110,8100,8000,8,Labourers,0,0
Other Cleaners,10773,8116,8110,8100,8000,8,Labourers,0,0
"Construction and Mining Labourers, nfd",2172,8210,8210,8200,8000,8,Labourers,0,0
Building and Plumbing Labourers,46202,8211,8210,8200,8000,8,Labourers,0,0
Concreters,27562,8212,8210,8200,8000,8,Labourers,0,0
Fencers,8621,8213,8210,8200,8000,8,Labourers,0,0
Insulation and Home Improvement Installers,15560,8214,8210,8200,8000,8,Labourers,0,0
Paving and Surfacing Labourers,6026,8215,8210,8200,8000,8,Labourers,0,0
Railway Track Workers,4114,8216,8210,8200,8000,8,Labourers,0,0
Structural Steel Construction Workers,20256,8217,8210,8200,8000,8,Labourers,0,0
Other Construction and Mining Labourers,6020,8219,8210,8200,8000,8,Labourers,0,0
"Factory Process Workers, nfd",10461,8300,8300,8300,8000,8,Labourers,0,0
"Food Process Workers, nfd",729,8310,8310,8300,8000,8,Labourers,0,0
Food and Drink Factory Workers,28934,8311,8310,8300,8000,8,Labourers,0,0
"Meat Boners and Slicers, and Slaughterers",8794,8312,8310,8300,8000,8,Labourers,0,0
"Meat, Poultry and Seafood Process Workers",17782,8313,8310,8300,8000,8,Labourers,0,0
"Packers and Product Assemblers, nfd",668,8320,8320,8300,8000,8,Labourers,0,0
Packers,50855,8321,8320,8300,8000,8,Labourers,0,0
Product Assemblers,22459,8322,8320,8300,8000,8,Labourers,0,0
"Miscellaneous Factory Process Workers, nfd",1387,8390,8390,8300,8000,8,Labourers,0,0
Metal Engineering Process Workers,7527,8391,8390,8300,8000,8,Labourers,0,0
Plastics and Rubber Factory Workers,1801,8392,8390,8300,8000,8,Labourers,0,0
Product Quality Controllers,9659,8393,8390,8300,8000,8,Labourers,0,0
Timber and Wood Process Workers,5185,8394,8390,8300,8000,8,Labourers,0,0
Other Factory Process Workers,9647,8399,8390,8300,8000,8,Labourers,0,0
"Farm, Forestry and Garden Workers, nfd",4060,8410,8410,8400,8000,8,Labourers,0,0
Aquaculture Workers,565,8411,8410,8400,8000,8,Labourers,0,0
Crop Farm Workers,22355,8412,8410,8400,8000,8,Labourers,0,0
Forestry and Logging Workers,2049,8413,8410,8400,8000,8,Labourers,0,0
Garden and Nursery Labourers,24307,8414,8410,8400,8000,8,Labourers,0,0
Livestock Farm Workers,26971,8415,8410,8400,8000,8,Labourers,0,0
Mixed Crop and Livestock Farm Workers,3261,8416,8410,8400,8000,8,Labourers,0,0
"Other Farm, Forestry and Garden Workers",9745,8419,8410,8400,8000,8,Labourers,0,0
"Food Preparation Assistants, nfd",1216,8510,8510,8500,8000,8,Labourers,0,0
Fast Food Cooks,35160,8511,8510,8500,8000,8,Labourers,0,0
Food Trades Assistants,4135,8512,8510,8500,8000,8,Labourers,0,0
Kitchenhands,109631,8513,8510,8500,8000,8,Labourers,0,0
"Other Labourers, nfd",184,8900,8900,8900,8000,8,Labourers,0.027875342852412895,0
"Freight Handlers and Shelf Fillers, nfd",115,8910,8910,8900,8000,8,Labourers,0,0
Freight and Furniture Handlers,11609,8911,8910,8900,8000,8,Labourers,0,0
Shelf Fillers,50616,8912,8910,8900,8000,8,Labourers,0,0
"Miscellaneous Labourers, nfd",285,8990,8990,8900,8000,8,Labourers,0.042741492864983535,0
Caretakers,6193,8991,8990,8900,8000,8,Labourers,0,0
Deck and Fishing Hands,5791,8992,8990,8900,8000,8,Labourers,0,0
Handypersons,30698,8993,8990,8900,8000,8,Labourers,0,0
Motor Vehicle Parts and Accessories Fitters,10899,8994,8990,8900,8000,8,Labourers,0,0
Printing Assistants and Table Workers,2986,8995,8990,8900,8000,8,Labourers,0,0
Recycling and Rubbish Collectors,2194,8996,8990,8900,8000,8,Labourers,0,0
Vending Machine Attendants,4984,8997,8990,8900,8000,8,Labourers,1,0
Other Miscellaneous Labourers,52863,8999,8990,8900,8000,8,Labourers,0,0
